blockNumber;treasury;freeMints;totalMinted;totalForged;forgedMintedRatio;totalPlayers;totalAva;totalAvaLeg;totalAvaRar;totalAvaCom;playerAvatarAvg;totalSold;totalBought;totalTrades;playerTradesAvg;marketAvaAmo;marketAvaSum;marketAvgPri;marketAvaLegAmo;marketAvaLegSum;marketAvgLegPri;marketAvaRarAmo;marketAvaRarSum;marketAvgRarPri;marketAvaComAmo;marketAvaComSum;marketAvgComPri
1465035;0;189167;0;0;0;0;0;0;0;0;0;0;0;0;0;0;0;0;0;0;0;0;0;0;0;0;0
1465335;0;191167;0;0;0;0;0;0;0;0;0;0;0;0;0;0;0;0;0;0;0;0;0;0;0;0;0
1465635;0;191640;6;0;0;1;6;0;0;6;6;0;0;0;0;0;0;0;0;0;0;0;0;0;0;0;0
1465935;3671;249171;2777;296;0.11;89;1795;0;0;1795;20.17;24;24;24;0.27;27;13084;484.59;0;0;0;0;0;0;27;13084;484.59
1466235;7337;288002;8824;1152;0.13;196;4782;0;31;4751;24.4;66;66;66;0.34;73;42102;576.74;0;0;0;8;19650;2456.25;65;22452;345.42
1466535;9762;285273;13113;2040;0.16;269;5790;0;106;5684;21.52;97;97;97;0.36;118;90026;762.93;0;0;0;14;36200;2585.71;104;53826;517.56
1466835;12017;282885;16872;2856;0.17;302;6527;1;157;6369;21.61;106;106;106;0.35;151;95064;629.56;0;0;0;20;34100;1705;131;60964;465.37
1467135;14022;280883;20319;3663;0.18;320;6960;1;208;6751;21.75;125;125;125;0.39;173;98332;568.39;0;0;0;21;34390;1637.62;152;63942;420.67
1467435;15984;279438;23525;4478;0.19;339;7115;4;270;6841;20.99;146;146;146;0.43;214;102165;477.41;0;0;0;28;35379;1263.54;186;66786;359.06
1467735;17866;278042;26546;5196;0.2;354;7507;8;303;7196;21.21;157;157;157;0.44;246;104087;423.12;0;0;0;40;45811;1145.28;206;58276;282.89
1468035;19661;277136;29133;5884;0.2;371;7557;10;322;7225;20.37;163;163;163;0.44;269;125027;464.78;0;0;0;50;54862;1097.24;219;70165;320.39
1468335;21021;333416;31574;6536;0.21;376;7533;12;367;7154;20.03;174;174;174;0.46;276;129601;469.57;0;0;0;56;56607;1010.84;220;72994;331.79
1468635;22484;332870;33515;7007;0.21;379;7671;13;396;7262;20.24;184;184;184;0.49;271;125819;464.28;0;0;0;53;51637;974.28;218;74182;340.28
1468935;24192;332392;35468;7490;0.21;382;7769;14;432;7323;20.34;187;187;187;0.49;276;128242;464.64;0;0;0;54;51987;962.72;222;76255;343.49
1469235;25267;331670;37191;7880;0.21;395;8017;17;422;7578;20.3;188;188;188;0.48;286;133855;468.02;0;0;0;55;56987;1036.13;231;76868;332.76
1469535;25984;331284;38292;8161;0.21;403;8055;17;442;7596;19.99;188;188;188;0.47;269;134073;498.41;0;0;0;56;57667;1029.77;213;76406;358.71
1469835;26649;330839;39234;8363;0.21;416;8248;17;438;7793;19.83;203;203;203;0.49;284;135197;476.05;0;0;0;53;55017;1038.06;231;80180;347.1
1470135;27304;330372;40414;8626;0.21;427;8475;18;446;8011;19.85;203;203;203;0.48;293;141817;484.02;0;0;0;58;61390;1058.45;235;80427;342.24
1470435;28288;329901;41797;8958;0.21;436;8666;19;448;8199;19.88;209;209;209;0.48;300;219949;733.16;1;35000;35000;55;56838;1033.42;244;128111;525.05
1470735;29708;329165;43923;9447;0.22;443;9020;21;511;8488;20.36;227;227;227;0.51;300;216030;720.1;1;35000;35000;57;56672;994.25;242;124358;513.88
1471035;31464;328422;46183;9972;0.22;452;9385;24;529;8832;20.76;247;247;247;0.55;381;169180;444.04;1;35000;35000;60;61770;1029.5;320;72410;226.28
1471335;32969;327574;48550;10491;0.22;464;9843;28;548;9267;21.21;275;275;275;0.59;444;173209;390.11;1;35000;35000;71;65800;926.76;372;72409;194.65
1471635;35634;332362;51049;11037;0.22;474;10299;31;623;9645;21.73;306;306;306;0.65;500;177485;354.97;2;40000;20000;73;62845;860.89;425;74640;175.62
1471935;38305;332903;53833;11746;0.22;483;10479;36;685;9758;21.7;319;319;319;0.66;470;177130;376.87;2;40000;20000;71;61676;868.68;397;75454;190.06
1472235;40981;331816;57307;12610;0.22;494;10810;43;701;10066;21.88;343;343;343;0.69;523;180765;345.63;2;35000;17500;97;70367;725.43;424;75398;177.83
1472535;43697;335995;61215;13564;0.22;518;11219;47;757;10415;21.66;391;391;391;0.75;581;174578;300.48;1;25000;25000;91;73558;808.33;489;76020;155.46
1472835;46729;336061;65227;14475;0.22;534;11884;56;768;11060;22.25;430;430;430;0.81;605;304777;503.76;4;134500;33625;91;84175;925;510;86102;168.83
1473135;49354;341248;69070;15364;0.22;552;12430;63;820;11547;22.52;495;495;495;0.9;647;363891;562.43;7;182500;26071.43;95;98551;1037.38;545;82840;152
1473435;51615;340031;72676;16190;0.22;573;12946;65;878;12003;22.59;513;513;513;0.9;745;384078;515.54;7;172700;24671.43;116;111125;957.97;622;100253;161.18
1473735;54360;339078;76189;17159;0.23;581;12957;67;1009;11881;22.3;549;549;549;0.94;913;407226;446.03;8;177255;22156.88;125;125938;1007.5;780;104033;133.38
1474035;56758;338253;79076;17870;0.23;595;13255;72;1017;12166;22.28;595;595;595;1;962;431931;448.99;10;187255;18725.5;145;136726;942.94;807;107950;133.77
1474335;58971;337277;81807;18562;0.23;619;13402;76;1081;12245;21.65;647;647;647;1.05;985;471642;478.82;14;211155;15082.5;168;150569;896.24;803;109918;136.88
1474635;61589;346700;84851;19339;0.23;628;13633;82;1137;12414;21.71;705;705;705;1.12;1165;513401;440.69;16;230703;14418.94;194;167509;863.45;955;115189;120.62
1474935;63980;346383;87595;20075;0.23;633;13641;86;1169;12386;21.55;732;732;732;1.16;1172;548205;467.75;21;252903;12043;222;192295;866.19;929;103007;110.88
1475235;65932;346042;90056;20754;0.23;642;13615;92;1184;12339;21.21;755;755;755;1.18;1222;558386;456.94;22;248203;11281.95;243;197011;810.74;957;113172;118.26
1475535;67846;345415;92472;21408;0.23;649;13617;96;1253;12268;20.98;776;776;776;1.2;1239;472062;381;23;157703;6856.65;251;198491;790.8;965;115868;120.07
1475835;68925;345051;93984;21837;0.23;652;13516;101;1243;12172;20.73;812;812;812;1.25;1225;481563;393.11;25;170803;6832.12;249;194617;781.59;951;116143;122.13
1476135;69823;344791;95247;22155;0.23;656;13579;103;1252;12224;20.7;835;835;835;1.27;1227;482426;393.18;26;174303;6703.96;244;192245;787.89;957;115878;121.08
1476435;70797;344428;96481;22490;0.23;664;13644;107;1254;12283;20.55;859;859;859;1.29;1282;484469;377.9;26;174303;6703.96;246;195294;793.88;1010;114872;113.73
1476735;71499;344179;97501;22786;0.23;669;13624;109;1254;12261;20.36;861;861;861;1.29;1338;487220;364.14;27;179303;6640.85;247;190039;769.39;1064;117878;110.79
1477035;72484;343944;98770;23079;0.23;674;13837;111;1252;12474;20.53;877;877;877;1.3;1342;495735;369.4;28;186803;6671.54;248;190198;766.93;1066;118734;111.38
1477335;73877;343501;100593;23565;0.23;678;13883;116;1288;12479;20.48;902;902;902;1.33;1391;449013;322.8;28;167803;5992.96;249;183526;737.05;1114;97684;87.69
1477635;76015;343138;103371;24225;0.23;685;14168;123;1328;12717;20.68;920;920;920;1.34;1497;461168;308.06;29;177753;6129.41;263;185645;705.87;1205;97770;81.14
1477935;78260;342961;106080;24893;0.23;686;14367;131;1363;12873;20.94;952;952;952;1.39;1467;449282;306.26;30;183553;6118.43;257;169109;658.01;1180;96620;81.88
1478235;80977;342415;109385;25742;0.24;689;14656;139;1437;13080;21.27;970;970;970;1.41;1471;422139;286.97;31;180353;5817.84;256;146520;572.34;1184;95266;80.46
1478535;82863;357081;111911;26438;0.24;690;14785;139;1484;13162;21.43;990;990;990;1.43;1497;1406392;939.47;31;168353;5430.74;251;142408;567.36;1215;1095631;901.75
1478835;84945;356536;114728;27146;0.24;693;15002;152;1491;13359;21.65;1025;1025;1025;1.48;1465;1386442;946.38;32;166553;5204.78;216;123910;573.66;1217;1095979;900.56
1479135;87213;355943;117825;27931;0.24;696;15111;166;1474;13471;21.71;1052;1052;1052;1.51;1481;1393202;940.72;36;170353;4732.03;234;127218;543.67;1211;1095631;904.73
1479435;89668;355431;120993;28759;0.24;700;15219;180;1423;13616;21.74;1061;1061;1061;1.52;1563;1406637;899.96;38;177453;4669.82;265;130598;492.82;1260;1098586;871.89
1479735;91868;354996;123837;29489;0.24;707;15389;187;1464;13738;21.77;1067;1067;1067;1.51;1574;1420294;902.35;38;190453;5011.92;277;131470;474.62;1259;1098371;872.42
1480035;94233;354577;126721;30172;0.24;713;15762;197;1493;14072;22.11;1086;1086;1086;1.52;1585;1446490;912.61;41;216641;5283.93;279;130787;468.77;1265;1099062;868.82
1480335;96895;353972;130077;31034;0.24;718;15923;208;1524;14191;22.18;1123;1123;1123;1.56;1581;1471620;930.82;43;254182;5911.21;287;120735;420.68;1251;1096703;876.66
1480635;99623;353216;133448;31882;0.24;724;16164;218;1525;14421;22.33;1200;1200;1200;1.66;1594;1482542;930.08;47;253981;5403.85;308;124131;403.02;1239;1104430;891.39
1480935;102850;352155;137437;32876;0.24;733;16524;227;1562;14735;22.54;1247;1247;1247;1.7;1598;1483154;928.13;45;252481;5610.69;320;126791;396.22;1233;1103882;895.28
1481235;105834;351423;141385;33940;0.24;737;16586;234;1641;14711;22.5;1271;1271;1271;1.72;1674;1492768;891.74;50;249481;4989.62;327;138320;423;1297;1104967;851.94
1481535;108039;350791;144368;34726;0.24;739;16605;243;1637;14725;22.47;1303;1303;1303;1.76;1790;1560389;871.73;55;292540;5318.91;349;162416;465.38;1386;1105433;797.57
1481835;110346;350167;147469;35557;0.24;744;16589;252;1644;14693;22.3;1327;1327;1327;1.78;1787;1566938;876.85;59;306976;5202.98;342;152573;446.12;1386;1107389;798.98
1482135;112432;349787;150281;36321;0.24;746;16603;260;1674;14669;22.26;1352;1352;1352;1.81;1790;1547885;864.74;59;295231;5003.92;347;143652;413.98;1384;1109002;801.3
1482435;114090;349463;152309;36853;0.24;749;16716;268;1660;14788;22.32;1361;1361;1361;1.82;1778;1563008;879.08;61;310261;5086.25;345;143480;415.88;1372;1109267;808.5
1482735;115487;378903;153917;37240;0.24;751;16911;270;1684;14957;22.52;1375;1375;1375;1.83;1772;1564984;883.17;61;310261;5086.25;353;145487;412.14;1358;1109236;816.82
1483035;116586;378722;155341;37627;0.24;755;16975;276;1690;15009;22.48;1407;1407;1407;1.86;1758;1559813;887.27;61;310261;5086.25;357;140068;392.35;1340;1109484;827.97
1483335;117566;378521;156646;38006;0.24;757;16926;285;1705;14936;22.36;1433;1433;1433;1.89;1748;1543271;882.88;57;282761;4960.72;364;149868;411.73;1327;1110642;836.96
1483635;118576;378402;157976;38380;0.24;758;16913;288;1738;14887;22.31;1447;1447;1447;1.91;1715;1543009;899.71;56;279694;4994.54;369;152041;412.04;1290;1111274;861.45
1483935;119867;378331;159524;38777;0.24;760;17023;295;1768;14960;22.4;1452;1452;1452;1.91;1747;1562350;894.3;57;297226;5214.49;375;153146;408.39;1315;1111978;845.61
1484235;121175;378222;161061;39164;0.24;760;17161;303;1783;15075;22.58;1460;1460;1460;1.92;1745;1560520;894.28;57;296826;5207.47;364;151529;416.29;1324;1112165;840
1484535;122682;378096;162852;39628;0.24;761;17236;313;1730;15193;22.65;1480;1480;1480;1.94;1737;1572217;905.13;61;310545;5090.9;351;148250;422.36;1325;1113422;840.32
1484835;124561;377664;165249;40245;0.24;767;17342;322;1758;15262;22.61;1493;1493;1493;1.95;1729;1589554;919.35;68;326945;4808.01;331;149326;451.14;1330;1113283;837.05
1485135;126488;377194;167815;41003;0.24;767;17170;328;1801;15041;22.39;1501;1501;1501;1.96;1745;1591985;912.31;68;331518;4875.26;349;148782;426.31;1328;1111685;837.11
1485435;127971;376886;169684;41504;0.24;772;17258;330;1826;15102;22.35;1516;1516;1516;1.96;1807;1588305;878.97;68;328968;4837.76;340;148761;437.53;1399;1110576;793.84
1485735;129796;376538;172145;42219;0.25;774;17223;336;1823;15064;22.25;1546;1546;1546;2;1786;1604090;898.15;72;342204;4752.83;314;149157;475.02;1400;1112729;794.81
1486035;131719;375910;174851;42923;0.25;780;17332;345;1778;15209;22.22;1558;1558;1558;2;1813;1628282;898.11;68;352037;5177.01;328;161643;492.81;1417;1114602;786.59
1486335;134061;375032;178381;43779;0.25;797;17815;354;1849;15612;22.35;1573;1573;1573;1.97;1812;1640259;905.22;65;346645;5333;340;178768;525.79;1407;1114846;792.36
1486635;136515;374228;181956;44683;0.25;804;18099;363;1869;15867;22.51;1614;1614;1614;2.01;1823;1665799;913.77;66;347144;5259.76;354;203176;573.94;1403;1115479;795.07
1486935;138896;373673;185199;45586;0.25;811;18062;376;1920;15766;22.27;1641;1641;1641;2.02;1828;1667883;912.41;69;352644;5110.78;374;203154;543.19;1385;1112085;802.95
1487235;141027;373197;188215;46347;0.25;813;18346;390;1947;16009;22.57;1666;1666;1666;2.05;1838;1693927;921.61;75;361091;4814.55;393;210664;536.04;1370;1122172;819.1
1487535;142943;372854;190778;47048;0.25;818;18388;399;1940;16049;22.48;1680;1680;1680;2.05;1941;1716698;884.44;79;380638;4818.2;411;213477;519.41;1451;1122583;773.66
1487835;144677;372493;193067;47673;0.25;822;18446;408;1955;16083;22.44;1685;1685;1685;2.05;1954;1716980;878.7;78;378376;4850.97;419;215413;514.11;1457;1123191;770.89
1488135;146502;372113;195556;48440;0.25;824;18370;419;1951;16000;22.29;1708;1708;1708;2.07;1965;1722535;876.61;78;380796;4882;430;218345;507.78;1457;1123394;771.03
1488435;148339;371398;198323;49201;0.25;827;18422;425;1980;16017;22.28;1737;1737;1737;2.1;1961;1717554;875.86;78;378892;4857.59;427;214872;503.21;1456;1123790;771.83
1488735;149899;370500;200945;49869;0.25;830;18558;432;1983;16143;22.36;1741;1741;1741;2.1;1983;1662079;838.16;78;375643;4815.94;396;167051;421.85;1509;1119385;741.81
1489035;151527;369817;203364;50473;0.25;832;18726;442;2013;16271;22.51;1760;1760;1760;2.12;1964;1674978;852.84;80;393043;4913.04;392;163233;416.41;1492;1118702;749.8
1489335;153156;369648;205264;50977;0.25;833;18794;454;2036;16304;22.56;1809;1809;1809;2.17;1966;1682296;855.69;81;398043;4914.11;392;165217;421.47;1493;1119036;749.52
1489635;154217;369526;206589;51337;0.25;836;18836;458;2044;16334;22.53;1815;1815;1815;2.17;2013;1684341;836.73;81;398043;4914.11;401;166993;416.44;1531;1119305;731.09
1489935;154848;369250;207543;51605;0.25;837;18812;464;2032;16316;22.48;1838;1838;1838;2.2;1958;1683684;859.9;82;401543;4896.87;398;163434;410.64;1478;1118707;756.91
1490235;155548;369091;208467;51848;0.25;838;18877;470;2007;16400;22.53;1844;1844;1844;2.2;1999;1694415;847.63;83;409043;4928.23;423;167246;395.38;1493;1118126;748.91
1490535;156512;368858;209825;52205;0.25;842;18950;473;2037;16440;22.51;1852;1852;1852;2.2;1971;1692407;858.65;84;409792;4878.48;407;165264;406.05;1480;1117351;754.97
1490835;157419;368582;211166;52581;0.25;842;18920;479;2018;16423;22.47;1860;1860;1860;2.21;2038;1693849;831.13;84;409792;4878.48;409;166280;406.55;1545;1117777;723.48
1491135;157901;368169;212068;52922;0.25;842;18606;481;2053;16072;22.1;1889;1889;1889;2.24;2017;1692715;839.22;84;409842;4879.07;409;165250;404.03;1524;1117623;733.35
1491435;157904;367644;212590;53130;0.25;842;18402;487;2011;15904;21.86;1919;1919;1919;2.28;1979;1677843;847.82;84;393276;4681.86;410;167345;408.16;1485;1117222;752.34
1491735;158087;366848;213380;53337;0.25;846;18426;488;2012;15926;21.78;1952;1952;1952;2.31;1985;1677817;845.25;82;392976;4792.39;400;167400;418.5;1503;1117441;743.47
1492035;158277;366316;213904;53566;0.25;848;18111;496;1922;15693;21.36;2053;2053;2053;2.42;1955;1695764;867.4;74;385150;5204.73;406;193288;476.08;1475;1117326;757.51
1492335;159221;365776;215178;53782;0.25;853;18586;505;1862;16219;21.79;2099;2099;2099;2.46;1917;1695597;884.51;76;404119;5317.36;377;174364;462.5;1464;1117114;763.06
1492635;162895;363850;219540;54771;0.25;858;19261;516;1958;16787;22.45;2158;2158;2158;2.52;1858;1692594;910.98;76;403019;5302.88;370;172947;467.42;1412;1116628;790.81
1492935;165455;361838;224305;56001;0.25;863;19359;530;2037;16792;22.43;2205;2205;2205;2.56;1889;1708337;904.36;77;414021;5376.9;400;178194;445.48;1412;1116122;790.45
1493235;168600;361094;228383;57035;0.25;865;19597;545;2067;16985;22.66;2285;2285;2285;2.64;1840;1707237;927.85;79;424885;5378.29;403;176369;437.64;1358;1105983;814.42
1493535;171637;360453;232230;57925;0.25;871;20142;552;2141;17449;23.13;2321;2321;2321;2.66;1838;1714333;932.72;78;417185;5348.53;387;191531;494.91;1373;1105617;805.26
1493835;174567;359982;236067;58976;0.25;873;20147;561;2166;17420;23.08;2353;2353;2353;2.7;1876;1692373;902.12;75;414323;5524.31;386;171490;444.27;1415;1106560;782.02
1494135;177490;303861;239853;60018;0.25;876;20244;581;2263;17400;23.11;2390;2390;2390;2.73;1917;1690799;882;75;413173;5508.97;376;169641;451.17;1466;1107985;755.79
1494435;180904;247354;243769;60974;0.25;883;20612;601;2230;17781;23.34;2444;2444;2444;2.77;2007;1689350;841.73;82;405833;4949.18;415;174482;420.44;1510;1109035;734.46
1494735;183728;236694;247178;61849;0.25;887;20847;624;2225;17998;23.5;2493;2493;2493;2.81;2091;1692629;809.48;79;403035;5101.71;429;179676;418.83;1583;1109918;701.15
1495035;186090;235805;249918;62581;0.25;889;20916;636;2274;18006;23.53;2553;2553;2553;2.87;2088;1687383;808.13;77;396078;5143.87;441;181329;411.18;1570;1109976;706.99
1495335;188740;235667;253077;63435;0.25;891;20904;648;2365;17891;23.46;2630;2630;2630;2.95;2050;1712428;835.33;79;421208;5331.75;444;181130;407.95;1527;1110090;726.97
1495635;191416;235505;256308;64244;0.25;894;21085;664;2329;18092;23.59;2693;2693;2693;3.01;1911;1715005;897.44;78;419029;5372.17;420;184021;438.15;1413;1111955;786.95
1495935;194308;235138;259973;65224;0.25;895;21113;680;2307;18126;23.59;2721;2721;2721;3.04;2057;1726275;839.22;81;421299;5201.22;431;185908;431.34;1545;1119068;724.32
1496235;196611;234911;263024;66077;0.25;896;21007;704;2230;18073;23.45;2753;2753;2753;3.07;2227;1745091;783.61;89;433325;4868.82;442;189004;427.61;1696;1122762;662.01
1496535;197924;234677;264780;66553;0.25;896;21002;717;2207;18078;23.44;2800;2800;2800;3.12;2285;1753985;767.61;91;433828;4767.34;459;190413;414.84;1735;1129744;651.15
1496835;199132;234602;266179;66978;0.25;896;20837;724;2189;17924;23.26;2846;2846;2846;3.18;2215;1768580;798.46;92;443628;4822.04;457;195912;428.69;1666;1129040;677.7
1497135;200338;234444;267470;67351;0.25;897;20759;731;2166;17862;23.14;2868;2868;2868;3.2;2215;1766047;797.31;92;442713;4812.1;467;194256;415.97;1656;1129078;681.81
1497435;201566;234186;269009;67757;0.25;903;20812;737;2165;17910;23.05;2910;2910;2910;3.22;2248;1766236;785.69;92;442713;4812.1;481;194137;403.61;1675;1129386;674.26
1497735;202291;234162;269777;67981;0.25;903;20760;745;2140;17875;22.99;2956;2956;2956;3.27;2193;1765823;805.21;90;444618;4940.2;451;191738;425.14;1652;1129467;683.7
1498035;203273;234126;270962;68309;0.25;903;20789;750;2162;17877;23.02;2982;2982;2982;3.3;2184;1768167;809.6;91;447618;4918.88;450;191651;425.89;1643;1128898;687.1
1498335;206257;234105;273171;68757;0.25;909;21307;762;2119;18426;23.44;3006;3006;3006;3.31;2161;1764233;816.4;88;445831;5066.26;445;191586;430.53;1628;1126816;692.15
1498635;210224;234200;275888;69291;0.25;919;22102;775;2093;19234;24.05;3053;3053;3053;3.32;2125;1764768;830.48;90;449432;4993.69;445;189988;426.94;1590;1125348;707.77
1498935;212686;234009;278966;69982;0.25;927;22589;782;2130;19677;24.37;3087;3087;3087;3.33;2165;1814827;838.26;91;449597;4940.63;440;205990;468.16;1634;1159240;709.45
1499235;215113;233677;282099;70795;0.25;937;22720;795;2225;19700;24.25;3162;3162;3162;3.37;2205;1815929;823.55;91;449890;4943.85;461;206807;448.61;1653;1159232;701.29
1499535;217877;233376;285464;71676;0.25;946;22834;812;2236;19786;24.14;3247;3247;3247;3.43;2216;1810474;817;96;460971;4801.78;456;187243;410.62;1664;1162260;698.47
1499835;221275;233222;289450;72776;0.25;948;22709;831;2301;19577;23.95;3318;3318;3318;3.5;2194;1808630;824.35;96;459176;4783.08;483;188671;390.62;1615;1160783;718.75
1500135;224750;233023;293646;73888;0.25;950;22669;853;2338;19478;23.86;3369;3369;3369;3.55;2295;1780804;775.95;94;437418;4653.38;509;181963;357.49;1692;1161423;686.42
1500435;227591;232704;296880;74860;0.25;952;22314;889;2237;19188;23.44;3532;3532;3532;3.71;2273;1861816;819.1;96;471028;4906.54;500;228182;456.36;1677;1162606;693.27
1500735;228175;232501;297080;75107;0.25;955;21688;905;2128;18655;22.71;3760;3760;3760;3.94;2323;1856780;799.3;89;459920;5167.64;532;259629;488.02;1702;1137231;668.17
1501035;228359;232352;297229;75272;0.25;956;21238;916;2059;18263;22.22;3926;3926;3926;4.11;2321;1900565;818.86;90;475220;5280.22;554;285372;515.11;1677;1139973;679.77
1501335;228450;231961;297620;75407;0.25;965;21124;925;1993;18206;21.89;4011;4011;4011;4.16;2327;2007818;862.84;91;579820;6371.65;557;287643;516.41;1679;1140355;679.19
1501635;228624;231629;297944;75542;0.25;971;20987;930;1978;18079;21.61;4142;4142;4142;4.27;2221;2041621;919.24;98;619720;6323.67;552;282340;511.49;1571;1139561;725.37
1501935;228751;231345;298225;75662;0.25;978;20868;934;1968;17966;21.34;4268;4268;4268;4.36;2110;2044552;968.98;98;620870;6335.41;551;283006;513.62;1461;1140676;780.75
1502235;229041;231043;298526;75760;0.25;985;20806;936;1973;17897;21.12;4420;4420;4420;4.49;1995;2044381;1024.75;95;618670;6512.32;549;285907;520.78;1351;1139804;843.67
1502535;229185;230796;298773;75889;0.25;986;20609;940;1983;17686;20.9;4545;4545;4545;4.61;2015;2060204;1022.43;95;617577;6500.81;578;300911;520.61;1342;1141716;850.76
1502835;229294;230483;299086;76035;0.25;987;20396;941;1995;17460;20.66;4638;4638;4638;4.7;2028;2103615;1037.29;97;659087;6794.71;581;302712;521.02;1350;1141816;845.79
1503135;229384;230397;299171;76146;0.25;988;20089;942;1991;17156;20.33;4707;4707;4707;4.76;2086;2115724;1014.25;97;660466;6808.93;583;310543;532.66;1406;1144715;814.16
1503435;229454;230297;299272;76232;0.25;988;19909;946;1969;16994;20.15;4744;4744;4744;4.8;2088;2114695;1012.78;95;657189;6917.78;601;314981;524.09;1392;1142525;820.78
1503735;229514;230172;299394;76341;0.25;988;19624;950;1946;16728;19.86;4797;4797;4797;4.86;2045;2098382;1026.1;95;656876;6914.48;598;304192;508.68;1352;1137314;841.21
1504035;229540;230075;299491;76386;0.26;989;19564;952;1925;16687;19.78;4821;4821;4821;4.87;2107;2101439;997.36;95;656876;6914.48;608;306125;503.5;1404;1138438;810.85
1504335;229674;229840;299726;76458;0.26;989;19576;952;1939;16685;19.79;4835;4835;4835;4.89;2103;2116352;1006.35;96;658697;6861.43;613;320200;522.35;1394;1137455;815.96
1504635;229849;229621;299944;76533;0.26;989;19532;953;1941;16638;19.75;4888;4888;4888;4.94;2138;2102130;983.22;95;657247;6918.39;610;307014;503.3;1433;1137869;794.05
1504935;229905;229460;300103;76587;0.26;989;19498;954;1936;16608;19.71;4907;4907;4907;4.96;2207;2101746;952.31;94;655447;6972.84;602;307733;511.18;1511;1138566;753.52
1505235;229934;229166;300397;76673;0.26;990;19512;956;1928;16628;19.71;4936;4936;4936;4.99;2242;2110254;941.24;97;661874;6823.44;602;309259;513.72;1543;1139121;738.25
1505535;229959;228977;300584;76730;0.26;990;19496;957;1932;16607;19.69;4960;4960;4960;5.01;2297;2117246;921.74;97;661874;6823.44;611;313741;513.49;1589;1141631;718.46
1505835;230008;228833;300728;76786;0.26;990;19446;957;1936;16553;19.64;5008;5008;5008;5.06;2320;2119011;913.37;97;662173;6826.53;614;314306;511.9;1609;1142532;710.09
1506135;230256;228642;300917;76871;0.26;990;19309;957;1950;16402;19.5;5133;5133;5133;5.18;2237;2142839;957.91;100;689006;6890.06;615;312873;508.74;1522;1140960;749.65
1506435;230386;228407;301151;76954;0.26;990;19252;957;1959;16336;19.45;5257;5257;5257;5.31;2108;2133837;1012.26;103;685393;6654.3;593;307940;519.29;1412;1140504;807.72
1506735;230584;228310;301248;77011;0.26;991;19143;961;1941;16241;19.32;5344;5344;5344;5.39;2123;2138503;1007.3;105;685967;6533.02;621;310676;500.28;1397;1141860;817.37
1507035;230687;227984;301571;77076;0.26;991;19224;965;1923;16336;19.4;5384;5384;5384;5.43;2143;2138401;997.85;105;686030;6533.62;620;310341;500.55;1418;1142030;805.38
1507335;230731;227688;301859;77197;0.26;991;19070;966;1930;16174;19.24;5427;5427;5427;5.48;2158;2137247;990.38;104;684279;6579.61;613;310297;506.19;1441;1142671;792.97
1507635;230748;227305;302236;77301;0.26;994;19049;967;1931;16151;19.16;5442;5442;5442;5.47;2174;2147532;987.83;111;701950;6323.87;617;313873;508.71;1446;1131709;782.65
1507935;230966;226963;302575;77420;0.26;995;18948;969;1916;16063;19.04;5474;5474;5474;5.5;2208;2159646;978.1;117;710916;6076.21;617;315949;512.07;1474;1132781;768.51
1508235;231046;226333;303197;77602;0.26;995;18915;973;1918;16024;19.01;5542;5542;5542;5.57;2214;2183956;986.43;118;728167;6170.91;655;323119;493.31;1441;1132670;786.03
1508535;231093;226016;303505;77727;0.26;995;18761;975;1903;15883;18.86;5587;5587;5587;5.62;2298;2204596;959.35;121;732377;6052.7;657;337147;513.16;1520;1135072;746.76
1508835;231131;225986;303535;77749;0.26;995;18715;975;1897;15843;18.81;5621;5621;5621;5.65;2333;2216240;949.95;126;743814;5903.29;650;336896;518.3;1557;1135530;729.31
1509135;231174;225965;303556;77774;0.26;995;18641;980;1861;15800;18.73;5657;5657;5657;5.69;2311;2223784;962.26;129;754168;5846.26;633;333892;527.48;1549;1135724;733.2
1509435;231310;225817;303703;77849;0.26;995;18509;981;1823;15705;18.6;5736;5736;5736;5.76;2228;2223201;997.85;126;749235;5946.31;589;337301;572.67;1513;1136665;751.27
1509735;231397;225598;303921;77916;0.26;996;18468;983;1800;15685;18.54;5783;5783;5783;5.81;2170;2214294;1020.41;124;748626;6037.31;558;328680;589.03;1488;1136988;764.1
1510035;231529;225351;304168;77974;0.26;996;18485;985;1798;15702;18.56;5836;5836;5836;5.86;2125;2220653;1045.01;124;764087;6161.99;557;322019;578.13;1444;1134547;785.7
1510335;231573;225314;304204;78015;0.26;996;18384;988;1791;15605;18.46;5880;5880;5880;5.9;2128;2229229;1047.57;127;771918;6078.09;580;323193;557.23;1421;1134118;798.11
1510635;231611;225172;304346;78063;0.26;997;18373;989;1784;15600;18.43;5915;5915;5915;5.93;2121;2229902;1051.34;128;773140;6040.16;578;322757;558.4;1415;1134005;801.42
1510935;231628;224945;304569;78135;0.26;997;18345;990;1783;15572;18.4;5932;5932;5932;5.95;2125;2246079;1056.98;129;788140;6109.61;579;323382;558.52;1417;1134557;800.68
1511235;231635;224720;304788;78197;0.26;997;18325;990;1789;15546;18.38;5939;5939;5939;5.96;2122;2247266;1059.03;129;788140;6109.61;581;324581;558.66;1412;1134545;803.5
1511535;231646;224475;305030;78256;0.26;998;18340;990;1796;15554;18.38;5950;5950;5950;5.96;2117;2247645;1061.71;129;788140;6109.61;583;324930;557.34;1405;1134575;807.53
1511835;231661;224426;305079;78279;0.26;998;18303;991;1786;15526;18.34;5963;5963;5963;5.97;2136;2248176;1052.52;129;788140;6109.61;583;325220;557.84;1424;1134816;796.92
1512135;231681;224335;305170;78297;0.26;999;18344;991;1787;15566;18.36;5983;5983;5983;5.99;2125;2251101;1059.34;130;791473;6088.25;584;325420;557.23;1411;1134208;803.83
1512435;231710;224303;305202;78307;0.26;1000;18337;991;1791;15555;18.34;6011;6011;6011;6.01;2155;2250497;1044.31;130;791473;6088.25;586;325198;554.95;1439;1133826;787.93
1512735;231728;224222;305283;78338;0.26;1000;18306;992;1788;15526;18.31;6026;6026;6026;6.03;2163;2235928;1033.72;130;779973;5999.79;591;323301;547.04;1442;1132654;785.47
1513035;231771;224167;305338;78366;0.26;1000;18251;992;1794;15465;18.25;6060;6060;6060;6.06;2174;2276730;1047.25;135;815439;6040.29;609;327987;538.57;1430;1133304;792.52
1513335;231812;224121;305384;78393;0.26;1000;18190;995;1788;15407;18.19;6084;6084;6084;6.08;2184;2281196;1044.5;136;817689;6012.42;612;329706;538.74;1436;1133801;789.56
1513635;231829;224028;305476;78431;0.26;1000;18146;995;1789;15362;18.15;6099;6099;6099;6.1;2187;2274658;1040.08;135;809439;5995.84;618;330613;534.97;1434;1134606;791.22
1513935;231848;223929;305571;78451;0.26;1000;18164;995;1793;15376;18.16;6117;6117;6117;6.12;2187;2302567;1052.84;138;837660;6070;619;330707;534.26;1430;1134200;793.15
1514235;231916;223920;305578;78455;0.26;1001;18158;995;1793;15370;18.14;6137;6137;6137;6.13;2255;2302290;1020.97;136;830638;6107.63;647;336493;520.08;1472;1135159;771.17
1514535;231936;223832;305665;78488;0.26;1001;18145;995;1802;15348;18.13;6155;6155;6155;6.15;2280;2303047;1010.11;136;830638;6107.63;649;336708;518.81;1495;1135701;759.67
1514835;232346;223745;305750;78522;0.26;1001;18107;996;1801;15310;18.09;6211;6211;6211;6.2;2273;2288185;1006.68;131;824393;6293.08;640;328876;513.87;1502;1134916;755.6
1515135;232626;223720;305774;78545;0.26;1001;18040;999;1782;15259;18.02;6226;6226;6226;6.22;2328;2299893;987.93;132;828393;6275.7;641;329302;513.73;1555;1142198;734.53
1515435;232848;223657;305836;78569;0.26;1001;18017;999;1778;15240;18;6270;6270;6270;6.26;2320;2303948;993.08;130;828291;6371.47;669;339559;507.56;1521;1136098;746.94
1515735;232942;223501;305989;78612;0.26;1002;18010;1000;1772;15238;17.97;6304;6304;6304;6.29;2292;2303732;1005.12;130;826291;6356.08;669;342042;511.27;1493;1135399;760.48
1516035;232946;223433;306054;78631;0.26;1003;18000;1001;1762;15237;17.95;6308;6308;6308;6.29;2305;2304486;999.78;130;826402;6356.94;670;342441;511.11;1505;1135643;754.58
1516335;233010;223287;306198;78645;0.26;1004;18093;1001;1762;15330;18.02;6312;6312;6312;6.29;2378;2306639;969.99;130;826402;6356.94;671;343711;512.24;1577;1136526;720.69
1516635;233036;223282;306203;78665;0.26;1004;18033;1002;1754;15277;17.96;6330;6330;6330;6.3;2360;2304136;976.33;131;828002;6320.63;662;339990;513.58;1567;1136144;725.04
1516935;233168;223164;306321;78688;0.26;1004;18085;1003;1754;15328;18.01;6336;6336;6336;6.31;2357;2305099;977.98;131;828002;6320.63;666;340563;511.36;1560;1136534;728.55
1517235;233182;223097;306388;78718;0.26;1004;18045;1003;1762;15280;17.97;6348;6348;6348;6.32;2363;2302958;974.59;130;826402;6356.94;665;340476;511.99;1568;1136080;724.54
1517535;233187;223049;306436;78735;0.26;1004;18037;1003;1763;15271;17.97;6353;6353;6353;6.33;2359;2289958;970.73;124;811230;6542.18;669;342591;512.09;1566;1136137;725.5
1517835;233187;223049;306436;78736;0.26;1004;18036;1003;1762;15271;17.96;6353;6353;6353;6.33;2365;2289239;967.97;124;811230;6542.18;667;342241;513.1;1574;1135768;721.58
1518135;233227;223016;306469;78754;0.26;1004;18000;1004;1755;15241;17.93;6371;6371;6371;6.35;2349;2286790;973.52;124;811230;6542.18;659;338911;514.28;1566;1136649;725.83
1518435;233240;222995;306490;78771;0.26;1004;17957;1004;1754;15199;17.89;6384;6384;6384;6.36;2348;2286817;973.94;124;811230;6542.18;659;338911;514.28;1565;1136676;726.31
1518735;233255;222970;306515;78788;0.26;1004;17917;1004;1756;15157;17.85;6398;6398;6398;6.37;2339;2287224;977.86;124;811230;6542.18;654;338596;517.73;1561;1137398;728.63
1519035;233267;222959;306526;78795;0.26;1004;17903;1004;1758;15141;17.83;6410;6410;6410;6.38;2333;2286802;980.2;124;811230;6542.18;655;338221;516.37;1554;1137351;731.89
1519335;233270;222849;306634;78825;0.26;1007;17898;1005;1758;15135;17.77;6412;6412;6412;6.37;2334;2289942;981.12;125;813330;6506.64;654;339221;518.69;1555;1137391;731.44
1519635;233285;222346;307136;78952;0.26;1012;17914;1005;1760;15149;17.7;6423;6423;6423;6.35;2332;2289548;981.8;125;813330;6506.64;654;338888;518.18;1553;1137330;732.34
1519935;233320;222165;307317;78995;0.26;1015;17926;1005;1764;15157;17.66;6454;6454;6454;6.36;2319;2281985;984.04;128;809527;6324.43;655;336207;513.29;1536;1136251;739.75
1520235;233325;222038;307444;79033;0.26;1019;17912;1005;1759;15148;17.58;6459;6459;6459;6.34;2319;2283324;984.62;129;811110;6287.67;655;336092;513.12;1535;1136122;740.14
1520535;233337;221842;307640;79095;0.26;1021;17886;1005;1760;15121;17.52;6471;6471;6471;6.34;2321;2288631;986.05;129;811110;6287.67;662;341542;515.92;1530;1135979;742.47
1520835;233349;221698;307781;79131;0.26;1022;17892;1005;1763;15124;17.51;6483;6483;6483;6.34;2330;2293615;984.38;129;811110;6287.67;672;346112;515.05;1529;1136393;743.23
1521135;233358;221661;307817;79148;0.26;1022;17862;1005;1767;15090;17.48;6492;6492;6492;6.35;2349;2296105;977.48;131;813260;6208.09;674;346152;513.58;1544;1136693;736.2
1521435;233370;221461;308017;79202;0.26;1023;17853;1005;1775;15073;17.45;6503;6503;6503;6.36;2338;2291415;980.07;129;810710;6284.57;667;344249;516.12;1542;1136456;737
1521735;233378;221358;308119;79231;0.26;1025;17848;1005;1772;15071;17.41;6510;6510;6510;6.35;2353;2293178;974.58;129;810710;6284.57;666;345737;519.12;1558;1136731;729.61
1522035;233392;221282;308195;79248;0.26;1028;17861;1005;1774;15082;17.37;6524;6524;6524;6.35;2361;2282569;966.78;127;800489;6303.06;667;345782;518.41;1567;1136298;725.14
1522335;233405;221139;308335;79269;0.26;1030;17923;1005;1767;15151;17.4;6533;6533;6533;6.34;2445;2277900;931.66;124;795792;6417.68;662;344761;520.79;1659;1137347;685.56
1522635;233418;220997;308472;79296;0.26;1030;17964;1005;1770;15189;17.44;6543;6543;6543;6.35;2482;2278435;917.98;124;795792;6417.68;661;344592;521.32;1697;1138051;670.63
1522935;233419;220893;308574;79322;0.26;1031;17977;1006;1767;15204;17.44;6544;6544;6544;6.35;2492;2278489;914.32;124;795792;6417.68;662;344592;520.53;1706;1138105;667.12
1523235;233438;220806;308661;79342;0.26;1031;18000;1006;1772;15222;17.46;6563;6563;6563;6.37;2475;2278394;920.56;124;795792;6417.68;662;344592;520.53;1689;1138010;673.78
1523535;233444;220805;308661;79350;0.26;1031;17991;1006;1778;15207;17.45;6569;6569;6569;6.37;2465;2278033;924.15;124;795792;6417.68;670;346049;516.49;1671;1136192;679.95
1523835;233522;220798;308668;79366;0.26;1031;17944;1006;1786;15152;17.4;6585;6585;6585;6.39;2464;2280049;925.34;124;795792;6417.68;675;347951;515.48;1665;1136306;682.47
1524135;233525;220789;308677;79375;0.26;1031;17922;1006;1788;15128;17.38;6588;6588;6588;6.39;2464;2279052;924.94;124;795792;6417.68;673;346574;514.97;1667;1136686;681.88
1524435;233527;220777;308683;79383;0.26;1031;17902;1006;1789;15107;17.36;6590;6590;6590;6.39;2466;2279967;924.56;124;795792;6417.68;674;347332;515.33;1668;1136843;681.56
1524735;233527;220768;308692;79397;0.26;1031;17855;1007;1781;15067;17.32;6590;6590;6590;6.39;2457;2278167;927.21;124;795792;6417.68;665;345532;519.6;1668;1136843;681.56
1525035;233672;220663;308797;79432;0.26;1032;17830;1009;1763;15058;17.28;6605;6605;6605;6.4;2442;2271364;930.12;125;798014;6384.11;653;343300;525.73;1664;1130050;679.12
1525335;233675;220567;308893;79450;0.26;1032;17856;1009;1762;15085;17.3;6606;6606;6606;6.4;2444;2276324;931.39;125;803014;6424.11;652;343216;526.4;1667;1130094;677.92
1525635;233694;220452;309008;79493;0.26;1034;17813;1009;1763;15041;17.23;6611;6611;6611;6.39;2502;2315511;925.46;124;801681;6465.17;661;382853;579.2;1717;1130977;658.69
1525935;233696;220407;309053;79501;0.26;1035;17826;1010;1758;15058;17.22;6613;6613;6613;6.39;2512;2316207;922.06;124;801681;6465.17;662;383404;579.16;1726;1131122;655.34
1526235;233696;220307;309151;79520;0.26;1036;17852;1010;1760;15082;17.23;6613;6613;6613;6.38;2514;2316470;921.43;124;801681;6465.17;664;383724;577.9;1726;1131065;655.31
1526535;233701;220305;309153;79532;0.26;1036;17813;1010;1760;15043;17.19;6618;6618;6618;6.39;2515;2388825;949.83;127;874346;6884.61;664;383630;577.76;1724;1130849;655.94
1526835;233714;220304;309153;79533;0.26;1036;17809;1010;1761;15038;17.19;6621;6621;6621;6.39;2513;2392692;952.13;128;878011;6859.46;665;383923;577.33;1720;1130758;657.42
1527135;233714;220284;309171;79544;0.26;1037;17786;1010;1760;15016;17.15;6621;6621;6621;6.38;2517;2392230;950.43;127;875911;6896.94;673;385754;573.19;1717;1130565;658.45
1527435;233784;220231;309222;79561;0.26;1037;17775;1010;1763;15002;17.14;6646;6646;6646;6.41;2502;2387221;954.13;127;873989;6881.8;664;383224;577.14;1711;1130008;660.44
1527735;233834;220154;309291;79602;0.26;1037;17692;1010;1768;14914;17.06;6665;6665;6665;6.43;2565;2385646;930.08;127;873989;6881.8;660;381494;578.02;1778;1130163;635.64
1528035;233853;220147;309298;79613;0.26;1037;17658;1011;1764;14883;17.03;6684;6684;6684;6.45;2581;2388268;925.33;129;876988;6798.36;661;381542;577.22;1791;1129738;630.79
1528335;233867;220135;309310;79630;0.26;1037;17624;1011;1765;14848;17;6698;6698;6698;6.46;2573;2392157;929.72;128;895490;6996.02;670;367194;548.05;1775;1129473;636.32
1528635;233904;220073;309370;79642;0.26;1038;17638;1011;1769;14858;16.99;6712;6712;6712;6.47;2591;2400372;926.43;131;902380;6888.4;671;367888;548.27;1789;1130104;631.7
1528935;233914;220009;309432;79665;0.26;1039;17612;1014;1753;14845;16.95;6722;6722;6722;6.47;2572;2399266;932.84;131;902380;6888.4;672;367168;546.38;1769;1129718;638.62
1529235;234045;219993;309448;79689;0.26;1039;17541;1015;1757;14769;16.88;6745;6745;6745;6.49;2581;2328440;902.15;128;831862;6498.92;672;366710;545.7;1781;1129868;634.4
1529535;234144;219987;309454;79719;0.26;1039;17438;1015;1759;14664;16.78;6771;6771;6771;6.52;2601;2317218;890.9;124;818058;6597.24;680;369064;542.74;1797;1130096;628.88
1529835;234315;219965;309473;79749;0.26;1039;17343;1016;1749;14578;16.69;6778;6778;6778;6.52;2599;2314516;890.54;124;817260;6590.81;677;367374;542.65;1798;1129882;628.41
1530135;234345;219868;309570;79779;0.26;1040;17341;1016;1755;14570;16.67;6808;6808;6808;6.55;2580;2322874;900.34;124;817593;6593.49;684;373029;545.36;1772;1132252;638.97
1530435;234457;219838;309600;79787;0.26;1040;17339;1016;1757;14566;16.67;6847;6847;6847;6.58;2541;2319971;913.01;124;817593;6593.49;678;370852;546.98;1739;1131526;650.68
1530735;234469;219836;309601;79808;0.26;1040;17271;1016;1752;14503;16.61;6856;6856;6856;6.59;2546;2320783;911.54;125;818843;6550.74;673;369476;549;1748;1132464;647.86
1531035;234523;219745;309691;79846;0.26;1040;17229;1019;1742;14468;16.57;6889;6889;6889;6.62;2562;2317489;904.56;124;817460;6592.42;668;367222;549.73;1770;1132807;640
1531335;234534;219742;309694;79851;0.26;1040;17215;1020;1738;14457;16.55;6894;6894;6894;6.63;2572;2316482;900.65;124;817060;6589.19;664;366392;551.8;1784;1133030;635.11
1531635;234536;219742;309694;79852;0.26;1040;17211;1020;1739;14452;16.55;6895;6895;6895;6.63;2571;2316413;900.98;124;817060;6589.19;663;366317;552.51;1784;1133036;635.11
1531935;234536;219742;309694;79852;0.26;1040;17211;1020;1739;14452;16.55;6895;6895;6895;6.63;2571;2316413;900.98;124;817060;6589.19;663;366317;552.51;1784;1133036;635.11
1532235;234539;219724;309712;79860;0.26;1040;17197;1020;1741;14436;16.54;6898;6898;6898;6.63;2568;2314640;901.34;124;817060;6589.19;662;364617;550.78;1782;1132963;635.78
1532535;234543;219712;309724;79860;0.26;1040;17209;1020;1741;14448;16.55;6902;6902;6902;6.64;2544;2309000;907.63;124;817060;6589.19;655;360417;550.25;1765;1131523;641.09
1532835;234547;219707;309729;79868;0.26;1040;17189;1020;1738;14431;16.53;6906;6906;6906;6.64;2577;2308512;895.81;124;817060;6589.19;655;360320;550.11;1798;1131132;629.11
1533135;234560;219707;309729;79874;0.26;1040;17176;1020;1738;14418;16.52;6908;6908;6908;6.64;2580;2316120;897.72;123;815860;6633.01;655;360320;550.11;1802;1139940;632.6
1533435;234562;219706;309730;79876;0.26;1040;17173;1020;1738;14415;16.51;6909;6909;6909;6.64;2620;2318143;884.79;123;815860;6633.01;654;357661;546.88;1843;1144622;621.06
1533735;234572;219706;309730;79878;0.26;1040;17165;1020;1735;14410;16.5;6919;6919;6919;6.65;2616;2319422;886.63;123;816160;6635.45;658;358786;545.27;1835;1144476;623.69
1534035;234576;219706;309730;79880;0.26;1040;17160;1020;1735;14405;16.5;6923;6923;6923;6.66;2612;2319769;888.12;123;816160;6635.45;658;358616;545.01;1831;1144993;625.34
1534335;234576;219694;309742;79882;0.26;1041;17164;1020;1735;14409;16.49;6923;6923;6923;6.65;2612;2320644;888.45;123;817158;6643.56;658;358493;544.82;1831;1144993;625.34
1534635;234578;219675;309761;79886;0.26;1041;17172;1020;1736;14416;16.5;6925;6925;6925;6.65;2609;2320702;889.5;123;817158;6643.56;658;358687;545.12;1828;1144857;626.29
1534935;234592;219589;309845;79909;0.26;1042;17183;1020;1741;14422;16.49;6937;6937;6937;6.66;2602;2316756;890.38;124;811558;6544.82;660;360469;546.17;1818;1144729;629.66
1535235;234605;219558;309875;79916;0.26;1042;17187;1021;1739;14427;16.49;6943;6943;6943;6.66;2589;2292995;885.67;124;811558;6544.82;648;336920;519.94;1817;1144517;629.89
1535535;234646;219497;309932;79954;0.26;1043;17103;1022;1743;14338;16.4;6979;6979;6979;6.69;2565;2290813;893.1;124;810758;6538.37;642;335600;522.74;1799;1144455;636.16
1535835;234672;219432;309997;80015;0.26;1043;16942;1022;1752;14168;16.24;7004;7004;7004;6.72;2546;2290759;899.75;124;810758;6538.37;642;335770;523.01;1780;1144231;642.83
1536135;234715;219427;310001;80040;0.26;1043;16870;1022;1752;14096;16.17;7010;7010;7010;6.72;2575;2282428;886.38;123;807258;6563.07;654;340663;520.89;1798;1134507;630.98
1536435;234781;219398;310023;80086;0.26;1043;16723;1022;1766;13935;16.03;7055;7055;7055;6.76;2555;2284495;894.13;123;807053;6561.41;665;343404;516.4;1767;1134038;641.79
1536735;234876;219270;310146;80097;0.26;1043;16805;1022;1770;14013;16.11;7092;7092;7092;6.8;2569;2281253;887.99;123;807258;6563.07;655;339803;518.78;1791;1134192;633.27
1537035;234888;219232;310184;80134;0.26;1043;16703;1024;1729;13950;16.01;7098;7098;7098;6.81;2568;2280582;888.08;123;807024;6561.17;653;339353;519.68;1792;1134205;632.93
1537335;234960;219225;310190;80140;0.26;1043;16693;1025;1725;13943;16;7105;7105;7105;6.81;2570;2282368;888.08;124;808523;6520.35;654;339633;519.32;1792;1134212;632.93
1537635;234960;219176;310238;80142;0.26;1045;16736;1025;1725;13986;16.02;7105;7105;7105;6.8;2582;2278363;882.4;123;803523;6532.71;654;339633;519.32;1805;1135207;628.92
1537935;234960;219136;310278;80160;0.26;1045;16730;1025;1726;13979;16.01;7105;7105;7105;6.8;2607;2279166;874.25;123;803523;6532.71;654;339633;519.32;1830;1136010;620.77
1538235;234961;219129;310285;80167;0.26;1045;16712;1025;1728;13959;15.99;7106;7106;7106;6.8;2609;2280503;874.09;123;803523;6532.71;656;340177;518.56;1830;1136803;621.2
1538535;234961;219123;310291;80171;0.26;1045;16702;1025;1728;13949;15.98;7106;7106;7106;6.8;2619;2280577;870.78;123;803523;6532.71;656;340177;518.56;1840;1136877;617.87
1538835;234966;219109;310305;80175;0.26;1045;16700;1025;1729;13946;15.98;7109;7109;7109;6.8;2617;2280780;871.52;123;803523;6532.71;654;340419;520.52;1840;1136838;617.85
1539135;234984;219091;310323;80183;0.26;1046;16687;1025;1731;13931;15.95;7127;7127;7127;6.81;2599;2280576;877.48;123;803414;6531.82;654;340569;520.75;1822;1136593;623.82
1539435;234992;219073;310341;80189;0.26;1046;16682;1026;1729;13927;15.95;7131;7131;7131;6.82;2584;2278630;881.82;123;803414;6531.82;650;338898;521.38;1811;1136318;627.45
1539735;234997;219066;310348;80193;0.26;1047;16673;1026;1729;13918;15.92;7135;7135;7135;6.81;2605;2278816;874.79;123;803414;6531.82;650;338898;521.38;1832;1136504;620.36
1540035;235001;219066;310348;80197;0.26;1047;16657;1026;1731;13900;15.91;7139;7139;7139;6.82;2602;2278756;875.77;123;803414;6531.82;650;338888;521.37;1829;1136454;621.35
1540335;235003;219066;310348;80222;0.26;1047;16560;1026;1738;13796;15.82;7141;7141;7141;6.82;2609;2275541;872.19;123;803414;6531.82;650;335801;516.62;1836;1136326;618.91
1540635;235003;219027;310387;80253;0.26;1047;16475;1027;1744;13704;15.74;7141;7141;7141;6.82;2647;2276003;859.84;123;803414;6531.82;652;336056;515.42;1872;1136533;607.12
1540935;235067;218975;310439;80283;0.26;1048;16412;1027;1751;13634;15.66;7145;7145;7145;6.82;2682;2276475;848.8;123;803414;6531.82;653;336166;514.8;1906;1136895;596.48
1541235;235067;218974;310439;80286;0.26;1048;16400;1027;1752;13621;15.65;7145;7145;7145;6.82;2707;2276977;841.14;123;803414;6531.82;654;336350;514.3;1930;1137213;589.23
1541535;235117;218938;310475;80300;0.26;1049;16383;1027;1753;13603;15.62;7163;7163;7163;6.83;2720;2280544;838.44;122;801914;6573.07;668;341716;511.55;1930;1136914;589.07
1541835;235192;218880;310531;80333;0.26;1049;16319;1029;1734;13556;15.56;7211;7211;7211;6.87;2666;2275708;853.6;122;801914;6573.07;658;337529;512.96;1886;1136265;602.47
1542135;235207;218806;310603;80356;0.26;1049;16311;1029;1735;13547;15.55;7226;7226;7226;6.89;2653;2275960;857.88;122;801914;6573.07;660;337929;512.01;1871;1136117;607.22
1542435;235225;218806;310603;80362;0.26;1049;16290;1029;1733;13528;15.53;7244;7244;7244;6.91;2634;2276804;864.39;122;802248;6575.8;659;338702;513.96;1853;1135854;612.98
1542735;235409;218794;310615;80372;0.26;1049;16266;1029;1731;13506;15.51;7261;7261;7261;6.92;2618;2275202;869.06;122;802248;6575.8;654;337199;515.59;1842;1135755;616.59
1543035;235430;218794;310615;80379;0.26;1049;16245;1030;1727;13488;15.49;7270;7270;7270;6.93;2618;3270860;1249.37;121;801357;6622.79;655;1333981;2036.61;1842;1135522;616.46
